ClientId,Lname,Fname,Type,PhoneNum,Address
10,White,Teressa,Residential,4030012891,289  Sweetwood Drive
12,Smith,Mike,Residential,4030012907,2378  Riverside Drive
14,Cena,Moe,Residential,4030012927,3410  Coburn Hollow Road
15,Kang,Khaled,Residential,4030012937,2223  Washington Street
17,Xing,Omar,Commercial,4030012953,2775  Colonial Drive
18,Simmon,Jing,Commercial,4030012961,3120  Euclid Avenue
19,Boggs,Jacob,Commercial,4030012967,3012  Fannie Street
20,Voss,Edward,Residential,4030012985,3009  Fannie Street
